date,channel,post_type,headline,photo_file,campaign
2026-09-21,facebook,Wink,Home offices have coffee. They also have laundry.,stock-home-laundry.jpg,2026-09-21-facebook-14-day
2026-09-22,facebook,Tip,Block your focus hours. Protect your output.,loft_331_space_2.jpg,2026-09-21-facebook-14-day
2026-09-23,facebook,Offer,Stop working alone. Start working better.,loft_331_coworking_3.jpg,2026-09-21-facebook-14-day
2026-09-24,facebook,Space,Where the espresso lives. Help yourself.,stock-coffee-cup.jpg,2026-09-21-facebook-14-day
2026-09-25,facebook,Quote,"Great energy, great people. I love being here.",coworking-hero-lounge.jpg,2026-09-21-facebook-14-day
2026-09-28,facebook,Question,Café noise or lonely home? Where do you work best?,stock-cafe-crowd.jpg,2026-09-21-facebook-14-day
2026-09-29,facebook,Wink,Couch working feels great. For about forty minutes.,stock-couch-feet-up.jpg,2026-09-21-facebook-14-day
2026-09-30,facebook,Offer,Need a private boardroom? Book by the block.,meeting-hero-boardroom.jpg,2026-09-21-facebook-14-day
2026-10-01,facebook,Space,Need a desk for the day?,hero-coworking.jpg,2026-09-21-facebook-14-day
2026-10-02,facebook,Proof,"100+ five-star reviews. Thank you, Moncton.",loft_and_found_event_people.jpg,2026-09-21-facebook-14-day
2026-09-29,facebook,Testimonial,"More than a place to work. / It feels like a community.",loft_331_coworking_1.jpg,2026-09-28-cycle
2026-09-29,facebook,Loft & Found,Loft & Found. Moncton's networking night.,lf-crowd-wide.jpg,2026-09-28-cycle
2026-09-30,facebook,Offer,Your own desk. Your name on it.,desks-plant-wall.jpg,2026-09-28-cycle
2026-10-01,facebook,Question,First thing you do when you sit down to work?,members-desks-laptop-fg.png,2026-09-28-cycle
2026-10-01,facebook,Loft & Found,"This was September's. Same room, October 14.",lf-networking-1.jpg,2026-09-28-cycle
2026-10-02,facebook,Soft sell,Come see it for yourself. Tours take fifteen minutes.,members-lounge-wide.jpg,2026-09-28-cycle
2026-10-06,facebook,Testimonial,"Deep, uninterrupted work. / Coffee keeps it flowing.",loft_331_coworking_2.jpg,2026-09-28-cycle
2026-10-06,facebook,Loft & Found,"Loft & Found, October 14. Save the evening.",lf-mingling-2.jpg,2026-09-28-cycle
2026-10-07,facebook,Offer,Need a business address? Yours from $79 a month.,voa-hero.jpg,2026-09-28-cycle
2026-10-08,facebook,Question,"Coffee before email, or email before coffee?",stock-coffee-mug-dark.jpg,2026-09-28-cycle
2026-10-08,facebook,Loft & Found,Loved the experience. Made genuine connections.,lf-networking-2.jpg,2026-09-28-cycle
2026-10-09,facebook,Soft sell,Working alone gets old. Come meet the people here.,members-desks-lounge.jpg,2026-09-28-cycle
2026-10-12,facebook,Thanks,"Happy Thanksgiving. / Thank you, Moncton.",members-desks-table.jpg,2026-10-12-cycle
2026-10-13,facebook,Testimonial,A great alternative / to working from home.,members-desks-round-table.jpg,2026-10-12-cycle
2026-10-13,facebook,Loft & Found,Loft & Found is tomorrow. / Doors open at 6:00 PM.,lf-mingling-1.jpg,2026-10-12-cycle
2026-10-14,facebook,Offer,Room for up to 140 guests. / Book it from $399 + tax.,space-event.jpg,2026-10-12-cycle
2026-10-14,facebook,Loft & Found,Loft & Found is tonight. / See you at 6:00 PM.,lf-crowd-backs-portrait.jpg,2026-10-12-cycle
2026-10-15,facebook,Question,Where do you take calls / when you work from home?,stock-video-call.jpg,2026-10-12-cycle
2026-10-15,facebook,Loft & Found,"Thank you, Moncton. / Next one: November 11.",lf-rotary-banner.jpg,2026-10-12-cycle
2026-10-16,facebook,Soft sell,The coffee's free. / So is the parking.,kitchen-counter.jpg,2026-10-12-cycle
